"edad_woe","ci_woe","linea_activa_max1m12_woe","por_uso_linea_max1m12_woe","perfil_woe"
"edad_woe",1,0.04356248476037,0.077083393657619,0.0783888475955694,0.15824898113381
"ci_woe",0.04356248476037,1,0.0362554312195901,0.00575348360861852,0.0532741508428297
"linea_activa_max1m12_woe",0.077083393657619,0.0362554312195901,1,0.687884176642929,0.100445109131188
"por_uso_linea_max1m12_woe",0.0783888475955694,0.00575348360861852,0.687884176642929,1,0.0817565844476575
"perfil_woe",0.15824898113381,0.0532741508428297,0.100445109131188,0.0817565844476575,1
